{"normalised_mean": [-0.001419975246950984, -0.00019451457412528148, -0.01239460428396805, -0.22122693754731174, -0.047198744311384384, -5.730829462712475, -5.231758762348957, -5.116939800614204, -4.550524763864027, -1.500849617721378, -1.4339814716564627, -1.4516860860923402, -1.4029053486102625], "normalised_std": [0.0791609102509625, 0.09036840366114451, 0.07953683757480573, 0.10691728952627388, 0.9176645676516805, 0.8333377242528804, 0.7986891553025083, 0.7873024090352378, 0.699809504236908, 0.39617334619194977, 0.37706688306239106, 0.385272760641835, 0.361273242872815], "number_of_selected_jets": 4063011}