{"normalised_mean": [-0.1719255219276348, 0.0033017327816263578, -0.014906704316191274, -0.20888932549465297, -0.19126723342925392, -5.556785790922083, -5.92917621420232, -5.494861237822365, -4.89664112707752, -1.5731062900447166, -1.4896105476203578, -1.502458645781331, -1.44740110070399], "normalised_std": [0.06304048754984184, 0.07424676508350955, 0.06506145336505079, 0.10579282971666132, 0.6347855902803736, 0.6305921311179004, 0.7232217776442559, 0.6803760913044784, 0.595100438897058, 0.36609953311836685, 0.3383298814159188, 0.35028185871747464, 0.32226838447707756], "number_of_selected_jets": 590981}