{"normalised_mean": [-0.00141787902715315, -0.0001692594819736752, -0.01239339873789727, -0.22122572404156504, -0.04731426268463935, -5.730888285665201, -5.23182920271151, -5.116979379000777, -4.550527143308979, -1.5008930589404796, -1.4340126883661297, -1.4517066207509106, -1.4029001686123344], "normalised_std": [0.1530097864183638, 0.09027989335853422, 0.07850207314586041, 0.10710824845583268, 0.9185703810506367, 0.8331167494959723, 0.7984293811774058, 0.7871683819588263, 0.6997817922237066, 0.3959956147510256, 0.37697946863569703, 0.3851781749554721, 0.36130642980751676], "number_of_selected_jets": 448577}