{"normalised_mean": [-0.21529057810066599, -9.813814190070534e-05, -0.01229971921370455, -0.21136921548050006, -0.157735815391976, -5.833328917889987, -5.300054213999024, -5.193757727615974, -4.616093124028091, -1.5176294408944857, -1.4506589682835287, -1.4671020713577563, -1.4173153694598597], "normalised_std": [0.0577821619472038, 0.06985770458421812, 0.06862071526815901, 0.07289627460134744, 0.6099790668739996, 0.7123445442416462, 0.6886431597740451, 0.6858148375448322, 0.6037404803036124, 0.3331040822203488, 0.31515539079800303, 0.32946795958768166, 0.307648526105857], "number_of_selected_jets": 524637}