{"normalised_mean": [-0.21497204871882208, -6.189166956541947e-05, -0.012288080385387921, -0.21054135734205406, -0.058338863558127035, -5.799724532313314, -5.26904376035477, -5.163707644895749, -4.588266344052403, -1.5013862938683173, -1.4345134264261445, -1.4520369017064727, -1.403131234102146], "normalised_std": [0.07250897023378167, 0.09004076399279298, 0.07837349218615196, 0.10522092806671617, 0.8378843381262743, 0.8404680797881346, 0.8037397268697366, 0.7946250578921439, 0.7060656920807176, 0.3963899101118056, 0.37747912806028716, 0.38564027754210395, 0.36175556346105947], "number_of_selected_jets": 483661}