{"after_outlier_mean": [1.9175333114864297, 0.02975753820682548, 0.3443067561348852, 0.8032822576382249, 0.024410989648402916, 1.0275037610894486, 1.0343426873017008, 1.0354953874474737, 1.0441990979653386, 1.8375933218807454, 1.888575612828444, 1.8492993711896786, 1.841624918970379], "after_outlier_std": [8.870426233036193, 330.7666493501473, 27.857363557850316, 3.7765689740748813, 0.09198847506073114, 0.17365586371712247, 0.19199865545292688, 0.19605579031022985, 0.22254474770102686, 1.167963549588426, 1.258241814968013, 1.215589437727252, 1.2571981569070618], "number_of_selected_jets": 4353471}