{"normalised_mean": [-0.2219667218408185, -0.0005981173929332533, -0.012193696129465347, -0.21630816242185708, -0.058965804531241346, -5.796056244833854, -5.264735762472389, -5.161996804240197, -4.589188043874638, -1.5013562288459021, -1.4345402880965328, -1.4520591997706835, -1.4031720794591576], "normalised_std": [0.07844535601829446, 0.08978184595763522, 0.07913039752215971, 0.1055164266504823, 0.863510049247292, 0.8404468412776923, 0.8035115255858377, 0.7945112926729311, 0.706108952902088, 0.3964815458755729, 0.3774699441238614, 0.38563772523974055, 0.3615936125030896], "number_of_selected_jets": 4343941}