{"normalised_mean": [-0.0014223193807208789, -0.00016963061139507765, -0.012373816581099885, -0.22168492414129065, -0.07043620471854044, -5.732528150098969, -5.228965713508509, -5.10744508096834, -4.541210131257703, -1.4986428697982899, -1.4310331893368542, -1.4486937051907216, -1.4000406107930987], "normalised_std": [0.0004713073419359597, 0.12798652603716723, 0.12682302940238022, 0.06481571978805642, 0.5339053887145092, 0.8241155239398283, 0.8070214415963626, 0.817902764477662, 0.7299932027432655, 0.40393463410064134, 0.38658344344153966, 0.39439714431667916, 0.3701702367356155], "number_of_selected_jets": 38888}