{"normalised_mean": [-0.0014224713144036164, -0.00011158856738506524, -0.012376577681756387, -0.2217945871277537, -0.07414440457521183, -5.733271840159916, -5.229164860749585, -5.1075674024805, -4.54126178197174, -1.4985941259402293, -1.4310955433230954, -1.4486165352327556, -1.3999216420677987], "normalised_std": [0.0004043664179879345, 0.12709424097228592, 0.12363892739393122, 0.05640632643697571, 0.4726782493374879, 0.8207206740198858, 0.8063771895945301, 0.817522754891627, 0.7299798886397619, 0.4042439668436039, 0.3864256502782817, 0.39455736813414133, 0.3705496176933112], "number_of_selected_jets": 41810}