{"after_outlier_mean": [2.7518356933255963, 1.606928176462067, 0.3466264325597655, 0.7964679959186883, 0.023553403976366332, 1.0280732473195155, 1.0346481024979954, 1.03586755421608, 1.0445733965408646, 1.8373526842451877, 1.8889231862598201, 1.849583998273638, 1.8422945939988682], "after_outlier_std": [2685.216272312996, 328.9076897991215, 27.326867584617215, 3.5707391326985376, 0.08601283991982184, 0.17578738990359513, 0.193300138758345, 0.19788120497239367, 0.22437418489325578, 1.1681436236082743, 1.2590068544394402, 1.2160617525183335, 1.2580595545935047], "number_of_selected_jets": 448604}