{"after_outlier_mean": [2.4314964727757697, 0.06501383182549303, 0.34379053647030056, 0.79725373610616, 0.023563455744435583, 1.0280893908914124, 1.0346738086494567, 1.0358756815197283, 1.0445990762858348, 1.8379278613760586, 1.8892058687311295, 1.8500929465675646, 1.8424202360121757], "after_outlier_std": [1702.7273741644356, 328.84456040003045, 27.577235444026627, 3.566478604268535, 0.08592335222556842, 0.17582373119664452, 0.19342415924016276, 0.19792398573585634, 0.2244858579156357, 1.168633957486646, 1.2592184112366382, 1.2164902420511516, 1.258055321253833], "number_of_selected_jets": 4063012}