{"normalised_mean": [-0.2219697745004766, -0.0005770788145047922, -0.012193116822229861, -0.21630632274502112, -0.059064302435174215, -5.796091609153325, -5.264813810033304, -5.162031181959686, -4.589182795631531, -1.5013737182832396, -1.4345405851264055, -1.4520680750289818, -1.4031461627995516], "normalised_std": [0.07223005923285641, 0.08967064014480854, 0.07772785765301432, 0.1058411738990917, 0.8640430548637962, 0.8403101654610833, 0.8032204029930793, 0.7944188683602476, 0.7061119730884376, 0.396394638819582, 0.3774759790575666, 0.385571672495948, 0.36167839131320495], "number_of_selected_jets": 483653}