{"normalised_mean": [-0.22230929396401294, -0.0006126462986191836, -0.012203878600304419, -0.21717440220922204, -0.162891298766865, -5.829592910254203, -5.295768958084432, -5.192057553572544, -4.617020950478712, -1.5176096926996039, -1.4506826979720244, -1.4671317615955544, -1.4173285123896806], "normalised_std": [0.05299330612060452, 0.07135095680158017, 0.0692124639048352, 0.07014563804021846, 0.6087373808421002, 0.7127072355609926, 0.6883813592507552, 0.6857213323154749, 0.6037204401356858, 0.33314689442713624, 0.31517279946908505, 0.3293919568751498, 0.3075622651223808], "number_of_selected_jets": 524629}