{"original_mean": [2.0213729049447173, -0.6212337778385966, 0.4101959111624071, 0.44232572099413325, 0.02601063666646348, 1.0307435733760915, 1.027161095232908, 1.0314644000120317, 1.0389142152234738, 1.6267729507544177, 1.682110558106714, 1.6807049908347997, 1.6856835949463678], "original_std": [41.89302377240654, 281.7486185723839, 27.530200528379964, 2.0918438486330366, 0.08356221974207988, 0.18326159702115774, 0.17086703465837277, 0.1850492889044042, 0.2091712532384953, 0.9963542872097075, 1.0910279320573346, 1.0783809219516163, 1.127029077328961], "number_of_jets": 595039}