{"original_mean": [2.058662328695166, -0.9322646720295781, 0.411850958450771, 0.44277948283160384, 0.026002467919477756, 1.0307442304631615, 1.0271344595115937, 1.031436264433295, 1.0389161836973628, 1.6264643565510188, 1.6817445879437736, 1.6806290675697377, 1.68542360156454], "original_std": [325.1021254654873, 281.72225392622374, 27.547002731681662, 2.0977689849271846, 0.0835866332106668, 0.18323575213629464, 0.17076693938132614, 0.18496520716600479, 0.2092044989476927, 0.9961143765461931, 1.0907449182025846, 1.0783849540263142, 1.1269818778804737], "number_of_jets": 5299319}