{"original_mean": [1.906265102393845, -0.08028830594338829, 0.34500512542334905, 0.8029067642189486, 0.02441142864108319, 1.0275023546029276, 1.034339585768814, 1.0354899599085485, 1.0441959034793467, 1.837467114020025, 1.8884548801545775, 1.8491800080952778, 1.8415312330804476], "original_std": [7.0807489190315795, 330.8728439095343, 27.861682898924503, 3.7737618332518608, 0.09203277389342256, 0.1736618805653151, 0.19198372072838277, 0.19602720185041375, 0.22255352580988255, 1.1678697082624794, 1.2581690893841793, 1.2154851091755547, 1.2571265136079095], "number_of_jets": 4373764}