{"mass_mean": 9.611417770385742, "mass_std": 4.844752788543701, "number_of_selected_jets": 4063011}