{"original_mean": [1.8791452984163186, 0.2674524598626779, 0.35153689493736284, 0.7878162097879023, 0.024239830704344573, 1.027541204971614, 1.0344045256989947, 1.035537179892588, 1.0442138430880317, 1.837769635847636, 1.8887950692662832, 1.8494212404388355, 1.8417164063541762], "original_std": [6.761916500416225, 339.3560755701527, 28.754845757145404, 3.6045501147971994, 0.08831068743316711, 0.17377059445661838, 0.19214819487335993, 0.1961268040044825, 0.222527558527959, 1.1680438122052703, 1.2583582672167148, 1.2156374561580308, 1.2572342912783392], "number_of_jets": 4363968}