{"after_outlier_mean": [1.8896342010096194, 0.2048544072163713, 0.3524543299500393, 0.7880392792964553, 0.024242472476847583, 1.0275417831263758, 1.0344087102154162, 1.035535726487394, 1.0442142547568876, 1.8377870823431994, 1.8887545526483658, 1.8494373983597403, 1.84176045499509], "after_outlier_std": [8.465735414538782, 339.23634322638827, 28.738958390637706, 3.606135856326841, 0.08835141791757217, 0.1737684600772687, 0.19216399844533336, 0.19612666052282654, 0.2225044930659062, 1.1680906405687512, 1.2583380465495488, 1.21566175066992, 1.2572855702139343], "number_of_selected_jets": 4343941}