{"original_mean": [4.645458183417245, 0.06504846315331393, 0.34378980642869167, 0.7972543466848049, 0.023563469460984632, 1.0280894253257178, 1.0346738050616027, 1.0358756760067354, 1.0445996914155187, 1.8379277268808463, 1.8892057488773362, 1.8500928664771055, 1.842420185120387], "original_std": [20033.623117109404, 328.84449319780407, 27.577214664898687, 3.566478596451319, 0.08592338693956458, 0.17582382685766373, 0.19342414362074953, 0.19792395671219273, 0.22449221492860144, 1.1686338166301715, 1.2592183032480533, 1.2164901235916066, 1.258055319930126], "number_of_jets": 4075777}