{"original_mean": [6.9444555296750075, 1.607208338314275, 0.346623561692242, 0.7964663249547191, 0.023553387675440057, 1.0280732484949389, 1.0346480745480773, 1.0358675263294275, 1.0445734156480606, 1.8373516540164556, 1.8889224929044923, 1.849583435045378, 1.8422942178334087], "original_std": [22718.723967919672, 328.9074362158394, 27.326919034123232, 3.5707293576269366, 0.08601270819317089, 0.1757873691468432, 0.19330004857604965, 0.1978811166772025, 0.22437418582344126, 1.1681427693404778, 1.2590063114237553, 1.2160615646348387, 1.2580593614946376], "number_of_jets": 450043}