{"after_outlier_mean": [2.003067103037832, -0.6207199834050753, 0.4102031348636508, 0.44232529397610165, 0.026010585320259533, 1.0307434750996565, 1.027161130212983, 1.0314644017205497, 1.0389141703122309, 1.6267719453014047, 1.6821102149684244, 1.6807056601470551, 1.6856835567993826], "after_outlier_std": [11.521441266313392, 281.7489406950745, 27.530368915441873, 2.091845506172389, 0.08356222617450594, 0.18326108409001807, 0.1708671289375431, 0.1850492195436173, 0.2091711945987013, 0.9963533966887939, 1.091027140556124, 1.0783816751356983, 1.1270295798321093], "number_of_selected_jets": 590981}