{"after_outlier_mean": [2.00186027194732, -0.9327667763785292, 0.4117189123851803, 0.4427790365727392, 0.026002430537122163, 1.0307441059908344, 1.0271344385922005, 1.0314362031273734, 1.0389161993823062, 1.6264642395105546, 1.6817442443921755, 1.6806286899903164, 1.6854234605783123], "after_outlier_std": [11.602097269944196, 281.72189885561073, 27.51383690353155, 2.097769151892147, 0.08358663446283951, 0.1832351861511353, 0.1707668627208025, 0.18496502097288314, 0.20920433520293422, 0.9961141821301918, 1.090744381124439, 1.078384463638479, 1.1269819423138625], "number_of_selected_jets": 5263004}