{"normalised_mean": [-0.1719261593418555, 0.003297843595961298, -0.014906482228315228, -0.20888964578102834, -0.19129027167214313, -5.55682858624846, -5.929218728359887, -5.494878410208572, -4.896649234846771, -1.5731167482157016, -1.4896314720763928, -1.502470422175361, -1.447408076005844], "normalised_std": [0.06622425562199816, 0.07420713252162216, 0.06496557232770143, 0.10607082023350647, 0.6354770920225181, 0.6304050170634715, 0.7230194051775694, 0.6802798828630304, 0.5950748349977188, 0.3660288897371853, 0.3382173090452873, 0.35024604259578146, 0.32223070979945345], "number_of_selected_jets": 5263004}