{"normalised_mean": [-0.0014178792351401586, -0.0001692143636373609, -0.01239340163244405, -0.221225722966576, -0.047314633340770545, -5.730889232600656, -5.231829869857568, -5.116979464615398, -4.550526957950674, -1.5008929013317316, -1.4340124955044156, -1.451706268518868, -1.4028999231205466], "normalised_std": [0.15300552616347166, 0.0902797333751144, 0.07850138308159328, 0.10710916892758053, 0.9185677976896902, 0.8331129163238111, 0.7984271689475833, 0.7871680756531827, 0.6997822595452566, 0.39599582950756645, 0.37698013737381203, 0.38517932131599947, 0.3613072436852141], "number_of_selected_jets": 448604}