{"normalised_mean": [-0.17190589724646793, 0.0032907381133083233, -0.014879477935583398, -0.20899548986365973, -0.19971384837565878, -5.556831334660357, -5.924170798676881, -5.486907259099358, -4.888446500373008, -1.5691188364189559, -1.484943159594313, -1.4976199813832547, -1.442749271201791], "normalised_std": [0.038439839369122666, 0.10644817223054388, 0.1014405793559504, 0.09597820828710167, 0.5768900658320025, 0.6259790399269684, 0.7437043316079768, 0.7124810691895264, 0.6288597417669035, 0.38173535454291213, 0.35563506206024986, 0.3670024143814671, 0.33910802096632053], "number_of_selected_jets": 49512}