{"normalised_mean": [-0.17191117045772847, 0.0032691306708354045, -0.014886177913435689, -0.2090706239333775, -0.2005875854951663, -5.556534723698319, -5.924063552016662, -5.487015056359868, -4.888608743376089, -1.5690567724735722, -1.4849654490135575, -1.4975595555412373, -1.442792112320353], "normalised_std": [0.03174693822440299, 0.10653719603156869, 0.09852420775670999, 0.08571217726564952, 0.5535698738507, 0.6275188761103356, 0.744161668052017, 0.7121582715751988, 0.6282712489186203, 0.38201750072058355, 0.3557147640636688, 0.3674040934435504, 0.338931639965603], "number_of_selected_jets": 63140}