{"normalised_mean": [-0.1719257595953328, 0.0033089759513448905, -0.01488671248349523, -0.20918019958215742, -0.2026021798671392, -5.55671941609363, -5.92410030158088, -5.487029223968722, -4.888553182663626, -1.569099241439536, -1.4849708378825233, -1.4975911816266614, -1.4428009367483845], "normalised_std": [0.02514663235729138, 0.10705177311787749, 0.10590880945388655, 0.07688765922937864, 0.5137074806412606, 0.6267041217424704, 0.7441115496421109, 0.7120902056335642, 0.6284959374097228, 0.38176560572567775, 0.35576601963035254, 0.367287181486186, 0.33893893916506956], "number_of_selected_jets": 78671}