{"normalised_mean": [-0.001421471972096217, -0.0003147357722329691, -0.012553188844515567, -0.22134690697910414, -0.04256511731123066, -5.729567409835526, -5.233764429412585, -5.1224413077275, -4.559580126464219, -1.5045616265344084, -1.4387984674352337, -1.457736220650809, -1.4085456554500153], "normalised_std": [0.0003020211271505854, 0.07551232162721624, 0.06802146639010072, 0.0969743334316541, 0.9598740915215948, 0.8387648667106969, 0.7955192410988527, 0.7707060298980181, 0.6691907296711694, 0.38201147796780743, 0.36279023585771153, 0.3672183940241783, 0.3433612441257951], "number_of_selected_jets": 100}