{"normalised_mean": [-0.17190018394256795, 0.0033366535962068206, -0.014883761110036779, -0.20900258834246005, -0.19985219319266112, -5.556659642626503, -5.923828027738305, -5.486528166987714, -4.888372552706633, -1.5688932083966443, -1.4847729549520088, -1.4974072798054212, -1.4426425165486565], "normalised_std": [0.07560856769930907, 0.1080271270436712, 0.10965375328171323, 0.09316137514086817, 0.5802520704322174, 0.6267110563972149, 0.7451453149328126, 0.7140474151722036, 0.6292134039176381, 0.38254707479615807, 0.356461361917861, 0.3679234401248039, 0.33949320810808103], "number_of_selected_jets": 53645}