{"normalised_mean": [-0.0014214683428987807, 0.00022390952089024733, -0.012417925538356219, -0.22112919146404345, -0.04215868412888546, -5.735254732097775, -5.233137976502698, -5.115893945933718, -4.549174680549504, -1.5013105118272483, -1.4343562660306675, -1.4538298398326157, -1.4057534313979436], "normalised_std": [0.0002743417056070214, 0.07922963648980154, 0.06410853808275817, 0.11704202313170763, 0.9302378459267336, 0.8141469428288443, 0.794667795665823, 0.7917357404623777, 0.708129301732687, 0.3927718372810817, 0.37439805585072494, 0.37646609071368614, 0.3489771086512319], "number_of_selected_jets": 100}