{"normalised_mean": [-0.2149696907737503, -8.6714114035677e-05, -0.012288666185704306, -0.21054288646481129, -0.05825847176964428, -5.799654002064129, -5.2689700646421676, -5.163697763848474, -4.588316472796932, -1.5013752367554958, -1.4345209928200529, -1.4520456688621421, -1.4031715492895915], "normalised_std": [0.07792668503258392, 0.09016940207368858, 0.07938307705457914, 0.10495227428733292, 0.8374118645505864, 0.8407592072800797, 0.8040124424816191, 0.7946422444223129, 0.7058934885915105, 0.3964496744889693, 0.37744787738625435, 0.3856120966961168, 0.3615787282911336], "number_of_selected_jets": 4353471}